City_ID,City,Country,Lat,Lng,Max Temp,Humidity,Cloudiness,Wind Speed,Current Description
0,Port Alfred,ZA,-33.5906,26.891,57.18,95,100,3.0,overcast clouds
1,Hammerfest,NO,70.6634,23.6821,43.25,100,75,17.27,broken clouds
2,Namibe,AO,-15.1961,12.1522,63.46,84,89,9.75,overcast clouds
3,Barinas,VE,8.6226,-70.2075,87.46,57,96,6.44,overcast clouds
4,Lorengau,PG,-2.0226,147.2712,80.01,78,68,3.29,broken clouds
5,Charleston,US,32.7766,-79.9309,84.36,80,0,8.01,clear sky
6,Rikitea,PF,-23.1203,-134.9692,72.07,69,75,16.84,broken clouds
7,Busselton,AU,-33.65,115.3333,51.91,87,100,9.98,light rain
8,Locri,IT,38.2414,16.2623,68.32,76,8,1.25,clear sky
9,Mataura,NZ,-46.1927,168.8643,46.47,71,100,2.98,moderate rain
10,Itaituba,BR,-4.2761,-55.9836,94.93,33,98,7.58,overcast clouds
11,Albany,US,42.6001,-73.9662,80.89,74,91,1.01,overcast clouds
12,San Quintin,MX,30.4833,-115.95,72.25,63,0,13.82,clear sky
13,Aklavik,CA,68.2191,-135.0107,52.11,59,92,12.75,overcast clouds
14,Georgetown,MY,5.4112,100.3354,80.53,84,20,0.0,few clouds
15,Ouadda,CF,8.0777,22.4007,68.99,94,100,2.82,overcast clouds
16,Bluff,NZ,-46.6,168.3333,46.8,70,100,10.22,moderate rain
17,Bethel,US,41.3712,-73.414,84.88,61,80,1.99,broken clouds
18,Punta Arenas,CL,-53.15,-70.9167,43.29,59,4,7.85,clear sky
19,Bredasdorp,ZA,-34.5322,20.0403,48.6,89,44,4.14,light rain
20,Te Anau,NZ,-45.4167,167.7167,43.95,96,100,2.17,overcast clouds
21,Adrar,MR,20.5022,-10.0711,91.33,23,46,7.02,scattered clouds
22,Port Elizabeth,ZA,-33.918,25.5701,55.69,95,20,16.11,light rain
23,Lompoc,US,34.6391,-120.4579,75.85,54,20,17.27,few clouds
24,Bambous Virieux,MU,-20.3428,57.7575,71.85,78,40,12.66,light rain
25,Torbay,CA,47.6666,-52.7314,57.27,79,57,10.0,broken clouds
26,Coromandel,BR,-18.4733,-47.2003,83.98,32,56,2.42,broken clouds
27,Lanzhou,CN,36.0564,103.7922,65.16,80,100,5.61,overcast clouds
28,Fortuna,US,40.5982,-124.1573,62.92,89,100,3.0,light rain
29,Bethanien,NA,-26.502,17.1583,49.3,61,1,13.29,clear sky
30,Aitape,PG,-3.1374,142.3475,76.5,86,16,4.43,few clouds
31,Sao Joao Da Barra,BR,-21.6403,-41.0511,69.6,59,1,15.86,clear sky
32,Lahaina,US,20.8783,-156.6825,85.8,76,64,6.17,broken clouds
33,Husavik,IS,66.0449,-17.3389,49.17,70,22,4.85,few clouds
34,Taoudenni,ML,22.6783,-3.9836,97.7,15,25,8.3,scattered clouds
35,Biltine,TD,14.5333,20.9167,84.13,58,30,7.49,scattered clouds
36,Qaanaaq,GL,77.484,-69.3632,24.87,56,0,7.94,clear sky
37,Upernavik,GL,72.7868,-56.1549,37.83,74,99,5.19,overcast clouds
38,Hilo,US,19.7297,-155.09,84.25,86,48,1.01,scattered clouds
39,Vila Franca Do Campo,PT,37.7167,-25.4333,73.81,87,16,3.38,few clouds
40,Sitka,US,57.0531,-135.33,55.29,100,100,4.61,overcast clouds
41,Pacific Grove,US,36.6177,-121.9166,63.01,82,100,17.72,light rain
42,Bathsheba,BB,13.2167,-59.5167,85.01,72,22,14.07,few clouds
43,Maceio,BR,-9.6658,-35.7353,78.24,78,40,11.5,scattered clouds
44,Novoagansk,RU,61.9449,76.6625,49.17,94,100,11.48,overcast clouds
45,Matay,EG,28.419,30.7792,82.8,25,0,6.76,clear sky
46,Arlit,NE,18.7369,7.3853,95.58,25,100,5.39,overcast clouds
47,Grindavik,IS,63.8424,-22.4338,48.67,93,100,28.77,light intensity drizzle rain
48,Zambezi,ZM,-13.5432,23.1047,73.83,41,37,5.66,scattered clouds
49,Esperance,AU,-33.8667,121.9,51.67,91,59,6.67,broken clouds
50,Karwar,IN,14.8,74.1333,76.32,86,100,2.89,overcast clouds
51,Geraldton,AU,-28.7667,114.6,59.41,82,100,14.97,overcast clouds
52,Shaunavon,CA,49.6501,-108.4181,70.23,23,46,10.04,scattered clouds
53,Barrow,US,71.2906,-156.7887,38.39,87,100,16.42,overcast clouds
54,Nishihara,JP,26.1842,127.7558,79.88,89,75,18.41,broken clouds
55,Mahebourg,MU,-20.4081,57.7,71.89,78,40,12.66,scattered clouds
56,General Roca,AR,-39.0333,-67.5833,44.62,64,100,17.87,overcast clouds
57,New Norfolk,AU,-42.7826,147.0587,48.7,79,99,1.99,light rain
58,Carnarvon,AU,-24.8667,113.6333,64.49,59,0,20.47,clear sky
59,Rio Gallegos,AR,-51.6226,-69.2181,47.41,45,0,14.85,clear sky
60,Ostrovnoy,RU,68.0531,39.5131,46.81,97,100,5.99,overcast clouds
61,Samarai,PG,-10.6167,150.6667,80.96,82,90,14.07,overcast clouds
62,Karratha,AU,-20.7377,116.8463,68.97,61,0,13.78,light rain
63,Hobart,AU,-42.8794,147.3294,49.05,86,100,6.91,overcast clouds
64,Ushuaia,AR,-54.8,-68.3,44.26,65,0,10.36,clear sky
65,Hermanus,ZA,-34.4187,19.2345,50.81,73,83,9.48,light rain
66,Dolores,AR,-36.3132,-57.6792,65.26,56,100,12.3,overcast clouds
67,Souillac,MU,-20.5167,57.5167,71.98,78,40,12.66,scattered clouds
68,Sioux Lookout,CA,50.1001,-91.917,60.19,85,100,6.96,overcast clouds
69,Tasiilaq,GL,65.6145,-37.6368,46.56,93,100,22.68,moderate rain
70,Imeni Poliny Osipenko,RU,52.4201,136.4853,50.04,98,100,6.08,light rain
71,Sazonovo,RU,59.0919,35.2268,48.49,89,100,4.41,overcast clouds
72,Kearney,US,40.6995,-99.0815,78.71,65,75,13.8,broken clouds
73,Constitucion,CL,-35.3333,-72.4167,53.04,52,1,16.31,clear sky
74,Kaitangata,NZ,-46.2817,169.8464,48.4,68,99,3.67,overcast clouds
75,Whitehorse,CA,60.7161,-135.0538,53.1,46,13,4.76,few clouds
76,Batsfjord,NO,70.6345,29.7185,46.33,100,100,13.8,mist
77,Airai,TL,-8.9266,125.4092,58.53,51,99,2.73,overcast clouds
78,Mahibadhoo,MV,3.7833,72.9667,81.79,70,100,8.1,overcast clouds
79,Kapaa,US,22.0752,-159.319,83.12,79,50,5.01,scattered clouds
80,Dubbo,AU,-32.25,148.6167,41.13,100,99,0.0,overcast clouds
81,Shingu,JP,33.7333,135.9833,79.56,94,100,17.56,light rain
82,Pevek,RU,69.7008,170.3133,32.63,97,100,18.16,light snow
83,Denpasar,ID,-8.65,115.2167,78.46,88,20,4.61,few clouds
84,Thompson,CA,55.7435,-97.8558,55.56,94,100,0.0,mist
85,Urubamba,PE,-13.3047,-72.1158,77.9,51,54,11.32,broken clouds
86,Corn Island,NI,12.1694,-83.0418,82.51,72,100,7.52,overcast clouds
87,Margate,GB,51.3813,1.3862,57.87,70,100,8.01,overcast clouds
88,Cidreira,BR,-30.1811,-50.2056,63.72,73,39,22.64,scattered clouds
89,Katsuura,JP,35.1333,140.3,79.27,91,67,18.12,broken clouds
90,Tuatapere,NZ,-46.1333,167.6833,48.13,83,100,7.74,overcast clouds
91,Ibra,OM,22.6906,58.5334,82.94,56,0,6.53,clear sky
92,Morgan City,US,29.6994,-91.2068,91.0,58,58,5.44,broken clouds
93,Hami,CN,42.8,93.45,68.07,16,16,8.48,few clouds
94,Madera,US,37.1666,-119.8343,75.52,27,89,13.56,light rain
95,Hamilton,US,39.1834,-84.5333,85.87,52,40,12.66,scattered clouds
96,Goderich,CA,43.7501,-81.7165,74.91,72,4,9.73,clear sky
97,Marawi,PH,7.9986,124.2928,68.23,90,100,4.43,overcast clouds
98,Road Town,VG,18.4167,-64.6167,80.69,87,100,28.54,light rain
99,Clermont,FR,49.5,2.4167,55.71,63,100,8.68,overcast clouds
100,Yerbogachen,RU,61.2767,108.0108,41.34,88,100,7.72,overcast clouds
101,Grenfell,AU,-33.9,148.1667,42.24,91,97,4.54,overcast clouds
102,Saint-Philippe,RE,-21.3585,55.7679,71.19,83,55,13.51,light rain
103,Laguna,US,38.421,-121.4238,77.09,44,100,26.46,overcast clouds
104,Vaini,TO,-21.2,-175.2,73.56,88,75,11.5,broken clouds
105,Nata,PA,8.3333,-80.5167,80.47,92,100,10.16,overcast clouds
106,Sabalgarh,IN,26.25,77.4,79.41,65,6,3.8,clear sky
107,Cherskiy,RU,68.75,161.3,33.62,68,100,2.75,overcast clouds
108,East London,ZA,-33.0153,27.9116,59.56,89,100,8.48,moderate rain
109,Atuona,PF,-9.8,-139.0333,76.98,74,7,22.32,clear sky
110,Butaritari,KI,3.0707,172.7902,80.83,78,11,13.8,light rain
111,Sorland,NO,67.667,12.6934,49.86,84,100,32.53,overcast clouds
112,Kodiak,US,57.79,-152.4072,54.91,82,100,6.91,overcast clouds
113,Kamareddi,IN,18.3167,78.35,72.93,90,100,7.02,overcast clouds
114,Fukue,JP,32.6881,128.8419,77.99,90,100,48.61,light rain
115,Clyde River,CA,70.4692,-68.5914,35.96,81,100,4.23,overcast clouds
116,Jalu,LY,29.0331,21.5482,85.44,20,0,6.96,clear sky
117,Abeche,TD,13.8292,20.8324,80.04,68,90,4.18,overcast clouds
118,Caravelas,BR,-17.7125,-39.2481,71.53,70,56,8.03,broken clouds
119,Gwadar,PK,25.1216,62.3254,80.02,81,3,8.9,clear sky
120,Chokurdakh,RU,70.6333,147.9167,31.12,76,12,7.05,few clouds
121,Muroto,JP,33.2833,134.15,81.34,88,100,40.76,overcast clouds
122,Kjollefjord,NO,70.9457,27.3465,46.45,93,100,13.8,light rain
123,Kavieng,PG,-2.5744,150.7967,80.83,79,44,10.89,light rain
124,Lukulu,ZM,-14.3707,23.242,77.61,28,62,3.56,broken clouds
125,Malazgirt,TR,39.1427,42.5401,66.76,24,0,3.13,clear sky
126,Kruisfontein,ZA,-34.0033,24.7314,52.57,85,100,8.63,light rain
127,Mount Gambier,AU,-37.8333,140.7667,43.38,93,7,5.28,clear sky
128,Beringovskiy,RU,63.05,179.3167,38.91,86,100,9.15,overcast clouds
129,Puerto Ayora,EC,-0.7393,-90.3518,76.96,80,70,5.01,broken clouds
130,Yumen,CN,40.2833,97.2,66.16,38,100,11.36,overcast clouds
131,Burns Lake,CA,54.2331,-125.7533,59.23,38,100,4.03,overcast clouds
132,Lebu,CL,-37.6167,-73.65,48.99,57,11,8.95,few clouds
133,Port Blair,IN,11.6667,92.75,81.36,80,100,17.76,overcast clouds
134,Mingshui,CN,36.7167,117.5,60.78,78,81,2.98,broken clouds
135,Tuktoyaktuk,CA,69.4541,-133.0374,44.53,78,93,7.49,overcast clouds
136,De-Kastri,RU,51.4667,140.7833,57.2,97,94,9.28,overcast clouds
137,Noumea,NC,-22.2763,166.4572,73.0,99,0,6.42,clear sky
138,Jamestown,US,42.097,-79.2353,77.52,51,100,9.22,overcast clouds
139,Portland,US,45.5234,-122.6762,80.47,48,20,6.91,few clouds
140,Avarua,CK,-21.2078,-159.775,78.85,78,20,6.91,few clouds
141,Nikolskoye,RU,59.7035,30.7861,47.79,83,100,1.05,overcast clouds
142,Alugan,PH,12.2188,125.4808,78.39,88,100,5.61,heavy intensity rain
143,Marsh Harbour,BS,26.5412,-77.0636,84.7,66,100,10.36,overcast clouds
144,Kuching,MY,1.55,110.3333,73.62,100,40,2.3,scattered clouds
145,Cape Town,ZA,-33.9258,18.4232,57.09,65,11,11.01,few clouds
146,Les Cayes,HT,18.2,-73.75,91.4,52,21,4.07,few clouds
147,Sassandra,CI,4.95,-6.0833,74.93,88,2,9.53,clear sky
148,Kavaratti,IN,10.5669,72.642,80.67,80,97,10.27,overcast clouds
149,Slave Lake,CA,55.2834,-114.769,57.18,77,75,11.5,broken clouds
150,Tacuarembo,UY,-31.7333,-55.9833,64.98,69,100,6.71,overcast clouds
151,Hailey,US,43.5196,-114.3153,76.87,45,100,17.27,overcast clouds
152,Port-Gentil,GA,-0.7193,8.7815,76.96,88,75,11.5,light rain
153,Esfarayen,IR,37.0765,57.5101,66.83,33,0,4.29,clear sky
154,Sisophon,KH,13.5859,102.9737,75.63,90,100,8.08,overcast clouds
155,Darab,IR,28.7519,54.5444,81.41,24,47,3.67,scattered clouds
156,Flinders,AU,-34.5833,150.8552,57.25,69,46,4.0,scattered clouds
157,Dunedin,NZ,-45.8742,170.5036,48.79,87,100,1.01,overcast clouds
158,Luderitz,NA,-26.6481,15.1594,53.69,69,0,20.31,clear sky
159,Gravdal,NO,68.1214,13.5031,48.09,93,75,20.71,light intensity shower rain
160,La Palma,US,33.8464,-118.0467,83.97,62,20,13.8,few clouds
161,Mar Del Plata,AR,-38.0023,-57.5575,60.1,97,100,11.99,fog
162,Mombetsu,JP,44.3525,143.3525,65.08,93,100,4.5,overcast clouds
163,Ola,RU,59.5833,151.2833,43.65,82,100,5.14,overcast clouds
164,Almeirim,BR,-1.5233,-52.5817,95.38,34,52,5.99,broken clouds
165,Batticaloa,LK,7.7102,81.6924,79.83,75,100,3.8,overcast clouds
166,Tazovskiy,RU,67.4667,78.7,44.82,87,100,6.67,light rain
167,Provideniya,RU,64.3833,-173.3,42.04,78,100,3.0,overcast clouds
168,Monrovia,LR,6.3005,-10.7969,76.77,81,17,8.84,few clouds
169,Labuhan,ID,-6.8844,112.2051,76.77,81,14,9.24,few clouds
170,Panguna,PG,-6.3164,155.4848,68.02,97,100,3.71,light rain
171,Itarema,BR,-2.9248,-39.9167,80.28,76,38,18.3,scattered clouds
172,Lata,PT,40.1629,-8.3327,76.91,57,33,1.34,scattered clouds
173,Fort Nelson,CA,58.8053,-122.7002,59.86,34,77,10.65,broken clouds
174,Marsa Matruh,EG,31.3525,27.2453,76.78,76,10,9.35,clear sky
175,Makakilo City,US,21.3469,-158.0858,80.98,69,100,10.36,overcast clouds
176,Tonstad,NO,58.6626,6.7169,49.17,76,19,3.94,few clouds
177,Namatanai,PG,-3.6667,152.4333,78.24,84,90,4.59,moderate rain
178,Barranca,PE,-10.75,-77.7667,65.28,74,26,12.08,scattered clouds
179,Boguchany,RU,58.3814,97.4531,47.89,86,100,2.46,overcast clouds
180,Sao Jose Do Egito,BR,-7.4789,-37.2744,88.07,24,54,5.64,broken clouds
181,Palauig,PH,15.435,119.9045,79.05,83,65,8.5,broken clouds
182,Bilma,NE,18.6853,12.9164,87.17,45,47,23.2,scattered clouds
183,Yellowknife,CA,62.456,-114.3525,50.52,81,75,10.36,broken clouds
184,Camacha,PT,33.0833,-16.3333,69.22,83,40,9.22,scattered clouds
185,Klaksvik,FO,62.2266,-6.589,43.72,69,100,7.14,overcast clouds
186,Cururupu,BR,-1.8283,-44.8683,81.72,69,100,4.88,overcast clouds
187,Bilibino,RU,68.0546,166.4372,27.07,91,98,2.19,overcast clouds
188,Berdigestyakh,RU,62.0989,126.6992,31.5,91,100,7.2,overcast clouds
189,Aleksandrov Gay,RU,50.147,48.5704,72.37,58,23,13.22,few clouds
190,Ried,DE,48.477,11.2606,52.29,71,100,14.56,light rain
191,Glazov,RU,58.1394,52.6584,53.2,82,100,3.29,overcast clouds
192,Samandag,TR,36.0842,35.9771,77.52,77,0,5.77,clear sky
193,Ginowan,JP,26.2627,127.7615,79.79,83,75,18.41,mist
194,Conde,BR,-7.2597,-34.9075,76.46,83,20,18.41,few clouds
195,Antofagasta,CL,-23.65,-70.4,60.08,63,0,11.27,clear sky
196,Huilong,CN,31.8111,121.655,74.93,74,2,20.24,clear sky
197,Hasaki,JP,35.7333,140.8333,79.29,90,69,20.42,broken clouds
198,Maura,NO,60.25,11.0167,51.24,65,0,17.27,clear sky
199,Ancud,CL,-41.8697,-73.8203,42.22,68,96,8.57,overcast clouds
200,Norman Wells,CA,65.282,-126.8329,54.3,53,100,12.73,overcast clouds
201,The Valley,AI,18.217,-63.0578,84.06,89,20,14.97,few clouds
202,Nanortalik,GL,60.1432,-45.2371,45.79,85,100,7.94,light rain
203,Harper,LR,4.375,-7.7169,76.33,82,3,7.76,clear sky
204,Severo-Yeniseyskiy,RU,60.3725,93.0408,41.67,97,97,4.23,overcast clouds
205,Sakakah,SA,29.9697,40.2064,88.2,14,0,10.27,clear sky
206,Cairns,AU,-16.9167,145.7667,76.95,97,75,3.44,broken clouds
207,Along,IN,28.1667,94.7667,73.85,98,59,2.35,broken clouds
208,Sao Jose Da Coroa Grande,BR,-8.8978,-35.1478,76.48,76,14,10.4,few clouds
209,San Patricio,US,28.017,-97.5169,94.17,52,55,12.86,broken clouds
210,Lagoa,PT,39.05,-27.9833,73.53,88,100,10.67,overcast clouds
211,San Policarpo,PH,12.1791,125.5072,78.84,87,100,5.79,heavy intensity rain
212,San Juan,AR,-31.5375,-68.5364,65.68,36,11,22.93,few clouds
213,Springdale,US,36.1867,-94.1288,93.54,55,40,12.66,scattered clouds
214,Khatanga,RU,71.9667,102.5,24.89,82,11,9.73,few clouds
215,Sambava,MG,-14.2667,50.1667,68.95,87,7,10.09,light rain
216,Mundo Nuevo,MX,18.7,-95.5,82.33,77,93,8.21,overcast clouds
217,Edgewater,US,28.9889,-80.9023,90.28,69,75,11.5,broken clouds
218,Poum,NC,-20.2333,164.0167,74.3,79,2,8.14,clear sky
219,Sayat,TM,38.7839,63.8803,67.87,22,0,10.33,clear sky
220,Phuket,TH,8.0,98.25,87.1,78,20,11.5,few clouds
221,San Vicente,AR,-26.6167,-54.1333,78.12,33,0,4.9,clear sky
222,Lomonosov,RU,59.9061,29.7725,48.11,86,61,1.59,broken clouds
223,Ploemeur,FR,47.7333,-3.4333,61.83,74,0,8.05,clear sky
224,Kununurra,AU,-15.7667,128.7333,67.98,88,13,3.44,few clouds
225,Muros,ES,42.7762,-9.0603,70.84,80,100,5.5,overcast clouds
226,Mindif,CM,10.3976,14.4363,73.27,90,100,4.03,overcast clouds
227,Muisne,EC,0.6,-80.0333,74.8,80,95,10.6,overcast clouds
228,Kovdor,RU,67.5662,30.4758,45.63,98,100,8.5,overcast clouds
229,Roura,GF,4.7263,-52.3274,87.71,62,0,13.8,clear sky
230,Melbourne,US,28.0836,-80.6081,87.08,76,20,9.22,few clouds
231,Saldanha,ZA,-33.0117,17.9442,56.71,67,64,26.37,broken clouds
232,Grand Gaube,MU,-20.0064,57.6608,72.0,73,3,5.99,clear sky
233,Bandarbeyla,SO,9.4942,50.8122,77.47,82,9,16.69,clear sky
234,Srednekolymsk,RU,67.45,153.6833,33.17,68,14,8.46,few clouds
235,Bengkulu,ID,-3.8004,102.2655,74.41,90,100,2.53,overcast clouds
236,Saint Anthony,US,45.0205,-93.218,70.99,73,20,8.05,few clouds
237,Puerto Baquerizo Moreno,EC,-0.9,-89.6,74.39,69,40,14.97,scattered clouds
238,Am Timan,TD,11.0297,20.2827,72.57,93,11,4.36,few clouds
239,Xicotencatl,MX,23.0167,-98.8833,90.14,51,68,5.84,broken clouds
240,Takoradi,GH,4.8845,-1.7554,75.43,87,29,9.51,scattered clouds
241,Vila Velha,BR,-20.3297,-40.2925,71.55,73,75,13.8,broken clouds
242,Zlobin,HR,45.2924,14.6541,53.58,82,20,5.75,few clouds
243,Leningradskiy,RU,69.3833,178.4167,33.24,98,100,21.79,light snow
244,Xam Nua,LA,20.4197,104.0439,65.68,99,20,1.34,few clouds
245,Eyl,SO,7.9803,49.8164,77.41,79,96,19.66,overcast clouds
246,Barzas,RU,55.7167,86.3167,40.24,80,15,1.28,few clouds
247,Praia Da Vitoria,PT,38.7333,-27.0667,75.76,91,49,9.08,scattered clouds
248,Post Falls,US,47.718,-116.9516,72.63,39,0,10.36,clear sky
249,Port Hardy,CA,50.6996,-127.4199,57.43,72,100,7.72,overcast clouds
250,Znamenskoye,RU,57.1281,73.8282,58.46,38,100,11.48,overcast clouds
251,Esna,EG,25.2934,32.554,84.92,18,0,7.4,clear sky
252,Quesnel,CA,52.9999,-122.5029,62.58,44,51,4.38,broken clouds
253,Victoria,HK,22.2855,114.1577,81.32,86,83,15.99,broken clouds
254,Coquimbo,CL,-29.9533,-71.3436,62.33,63,0,14.97,clear sky
255,Nikolsk,RU,53.7189,46.0712,64.94,80,49,16.55,scattered clouds
256,Severo-Kurilsk,RU,50.6789,156.125,51.31,94,93,15.3,overcast clouds
257,Barcelos,PT,41.5388,-8.6151,79.92,56,94,4.52,overcast clouds
258,Berlevag,NO,70.8578,29.0864,46.4,93,75,13.8,broken clouds
259,Zhigansk,RU,66.7697,123.3711,31.55,89,99,13.49,overcast clouds
260,Montepuez,MZ,-13.1256,38.9997,69.37,70,4,9.01,clear sky
261,Beyneu,KZ,45.3167,55.2,73.13,28,6,11.36,clear sky
262,Raisinghnagar,IN,29.5358,73.4492,88.03,39,0,6.13,clear sky
263,Faya,SA,18.3851,42.4509,70.32,51,81,3.89,broken clouds
264,Ilulissat,GL,69.2167,-51.1,42.82,93,100,1.14,light intensity drizzle
265,Lithgow,AU,-33.4833,150.15,42.69,80,82,15.23,broken clouds
266,Bouloupari,NC,-21.8667,166.05,66.11,80,19,3.4,few clouds
267,Dawlatabad,AF,36.4141,64.9053,71.35,25,0,0.31,clear sky
268,Kvarkeno,RU,52.0833,59.725,62.2,59,15,7.99,few clouds
269,Mangai,CD,-4.05,19.5333,67.19,95,92,1.74,overcast clouds
270,Benin,BJ,9.5,2.25,72.75,94,100,2.35,overcast clouds
271,Arraial Do Cabo,BR,-22.9661,-42.0278,69.66,68,0,13.8,clear sky
272,Vardo,NO,70.3705,31.1107,46.38,93,75,13.8,broken clouds
273,Cabo San Lucas,MX,22.8909,-109.9124,93.61,55,75,5.75,broken clouds
274,Grand Forks,US,47.9417,-97.4337,76.93,47,20,11.5,few clouds
275,Yar-Sale,RU,66.8333,70.8333,45.64,95,100,7.45,overcast clouds
276,Saskylakh,RU,71.9167,114.0833,31.55,98,100,5.93,snow
277,Zeya,RU,53.75,127.2667,33.42,77,84,14.52,broken clouds
278,Guerrero Negro,MX,27.9769,-114.0611,74.23,62,0,14.61,clear sky
279,Talnakh,RU,69.4865,88.3972,36.95,100,100,1.52,light rain
280,Shimoda,JP,34.6667,138.95,79.11,92,97,11.25,overcast clouds
281,Mineiros,BR,-17.5694,-52.5511,85.95,34,73,2.06,broken clouds
282,Sola,VU,-13.8833,167.55,80.33,80,84,24.7,broken clouds
283,Aksu,CN,41.1231,80.2644,68.49,38,44,5.79,scattered clouds
284,Comodoro Rivadavia,AR,-45.8667,-67.5,44.46,65,75,9.22,light rain
285,Ponta Delgada,PT,37.7333,-25.6667,74.12,88,20,5.75,few clouds
286,San-Pedro,CI,4.7485,-6.6363,75.54,87,2,9.86,clear sky
287,Anloga,GH,5.7947,0.8973,76.93,86,91,16.46,light rain
288,Yashan,CN,22.1975,109.9419,77.27,85,90,2.46,overcast clouds
289,Chuy,UY,-33.6971,-53.4616,60.85,76,100,12.68,overcast clouds
290,Najran,SA,17.4924,44.1277,82.35,22,100,2.84,overcast clouds
291,Umuarama,BR,-23.7664,-53.325,76.96,50,0,9.48,clear sky
292,Nelson Bay,AU,-32.7167,152.15,55.99,82,94,1.01,overcast clouds
293,Faanui,PF,-16.4833,-151.75,78.78,70,40,19.04,scattered clouds
294,Tokur,RU,53.1333,132.9,33.17,98,100,8.66,overcast clouds
295,Dikson,RU,73.5069,80.5464,30.88,78,12,17.76,few clouds
296,Oranjemund,NA,-28.55,16.4333,53.35,81,33,10.69,scattered clouds
297,Avera,US,33.194,-82.5271,88.56,57,100,4.38,overcast clouds
298,Hailar,CN,49.2,119.7,38.39,52,82,18.57,broken clouds
299,Borsele,NL,51.4419,3.8113,58.01,77,100,10.36,overcast clouds
300,Tiksi,RU,71.6872,128.8694,32.2,69,96,4.56,overcast clouds
301,Sinnamary,GF,5.3833,-52.95,84.07,64,99,10.96,overcast clouds
302,Milkovo,RU,54.7167,158.6167,34.83,76,100,0.58,overcast clouds
303,Hermiston,US,45.8404,-119.2895,72.14,55,0,5.75,clear sky
304,Salalah,OM,17.0151,54.0924,80.69,94,75,4.61,broken clouds
305,Kirakira,SB,-10.4544,161.9205,81.03,85,93,13.58,overcast clouds
306,Codrington,AU,-38.2667,141.9667,43.14,92,30,8.59,scattered clouds
307,Castro,BR,-24.7911,-50.0119,64.83,65,0,8.39,clear sky
308,La Ronge,CA,55.1001,-105.2842,65.08,39,30,6.51,scattered clouds
309,Alyangula,AU,-13.8483,136.4192,77.27,80,66,8.21,broken clouds
310,San Luis,AR,-33.295,-66.3356,47.5,84,100,16.17,overcast clouds
311,Meaford,CA,44.6001,-80.583,78.26,82,19,12.33,few clouds
312,Hervey Bay,AU,-25.2986,152.8535,64.17,77,0,4.18,clear sky
313,Buala,SB,-8.145,159.5921,81.1,84,94,14.72,light rain
314,Burnie,AU,-41.0667,145.9167,48.92,74,100,13.33,overcast clouds
315,Pendleton,US,45.6721,-118.7886,70.2,59,0,3.44,clear sky
316,Tilichiki,RU,60.4667,166.1,35.44,70,0,5.37,clear sky
317,Viedma,AR,-40.8135,-62.9967,46.33,94,100,24.23,overcast clouds
318,Tugulym,RU,57.0591,64.6425,55.47,94,81,4.32,broken clouds
319,Chapais,CA,49.7834,-74.8492,59.25,27,88,6.53,overcast clouds
320,Hambantota,LK,6.1241,81.1185,79.3,83,100,15.32,overcast clouds
321,Amahai,ID,-3.3333,128.9167,76.28,87,100,3.91,overcast clouds
322,College,US,64.8569,-147.8028,53.58,58,40,12.66,scattered clouds
323,Porangatu,BR,-13.4408,-49.1486,88.72,38,32,8.9,scattered clouds
324,Tabuk,PH,17.4189,121.4443,72.84,93,94,3.27,overcast clouds
325,Lakes Entrance,AU,-37.8811,147.981,47.16,87,82,18.99,broken clouds
326,Walvis Bay,NA,-22.9575,14.5053,55.87,76,0,20.09,clear sky
327,Asau,RO,46.4333,26.4,52.72,73,14,14.52,few clouds
328,Touros,BR,-5.1989,-35.4608,78.71,75,27,15.46,scattered clouds
329,Shadrinsk,RU,56.0852,63.6335,60.28,85,95,3.94,overcast clouds
330,Ormstown,CA,45.1334,-73.9992,56.08,98,100,7.2,overcast clouds
331,Longyearbyen,SJ,78.2186,15.6401,31.84,74,75,6.91,broken clouds
332,Palmer,US,42.1584,-72.3287,83.62,58,75,11.5,broken clouds
333,Sur,OM,22.5667,59.5289,82.18,76,5,14.5,clear sky
334,Necochea,AR,-38.5473,-58.7368,61.88,73,100,15.26,overcast clouds
335,Ribeira Grande,PT,38.5167,-28.7,77.4,88,40,10.36,scattered clouds
336,Canton,CN,23.1167,113.25,80.55,64,72,4.43,moderate rain
337,Biak,ID,-0.9131,122.8766,75.24,83,100,3.27,overcast clouds
338,Itoman,JP,26.1247,127.6694,80.98,89,75,18.41,broken clouds
339,Birao,CF,10.2849,22.7882,74.17,84,11,3.04,few clouds
340,Carballo,ES,43.213,-8.691,72.82,89,100,2.66,overcast clouds
341,Ahipara,NZ,-35.1667,173.1667,60.49,86,100,14.23,light rain
342,Whitefish,US,48.4111,-114.3376,69.21,36,0,4.61,clear sky
343,Sabang,ID,5.8933,95.3214,81.75,73,100,16.37,overcast clouds
344,Port Keats,AU,-14.25,129.55,76.87,88,56,3.91,broken clouds
345,Imperia,IT,43.9667,7.7833,63.0,69,0,4.85,clear sky
346,Netrakona,BD,24.8833,90.7167,80.46,86,25,4.5,light rain
347,Nabire,ID,-3.3667,135.4833,74.86,89,100,2.93,overcast clouds
348,Gat,IL,31.61,34.7642,77.68,100,0,3.4,clear sky
349,Stilfontein,ZA,-26.8449,26.7683,67.28,19,95,9.15,overcast clouds
350,Paka,MY,4.6374,103.4368,77.05,88,100,3.27,overcast clouds
351,Yining,CN,29.0361,114.5636,69.01,82,1,2.48,clear sky
352,Veraval,IN,20.9,70.3667,80.28,76,2,7.31,clear sky
353,Koungou,YT,-12.7336,45.2042,73.11,88,0,3.44,clear sky
354,Kastornoye,RU,51.8334,38.1302,64.35,85,23,14.81,light rain
355,Guanica,PR,17.9716,-66.908,77.13,94,100,42.37,moderate rain
356,Heihe,CN,50.2441,127.4902,37.98,53,5,18.68,clear sky
357,Daru,PG,-9.0763,143.2092,78.75,88,94,9.98,overcast clouds
358,Masindi,UG,1.6744,31.715,66.4,87,97,1.12,overcast clouds
359,Erenhot,CN,43.6475,111.9767,52.66,28,100,9.4,overcast clouds
360,Narsaq,GL,60.9167,-46.05,57.42,75,100,1.86,overcast clouds
361,Saint George,US,37.1041,-113.5841,91.26,20,0,8.05,clear sky
362,Kokstad,ZA,-30.5472,29.4241,54.03,91,99,4.18,overcast clouds
363,Lazaro Cardenas,MX,17.9583,-102.2,75.94,95,100,3.6,overcast clouds
364,Santa Elena,EC,-2.2333,-80.85,71.15,78,75,10.36,broken clouds
365,Deputatskiy,RU,69.3,139.9,27.64,98,100,3.76,overcast clouds
366,Sao Gabriel Da Cachoeira,BR,-0.1303,-67.0892,85.93,64,99,1.25,overcast clouds
367,Tarko-Sale,RU,64.9225,77.785,48.11,91,100,15.86,overcast clouds
368,Naze,JP,28.3667,129.4833,77.65,85,100,19.98,overcast clouds
369,Ponta Do Sol,PT,32.6667,-17.1,74.71,97,70,3.33,broken clouds
370,Tura,IN,25.5198,90.2201,74.86,94,84,1.92,broken clouds
371,Nuevo Casas Grandes,MX,30.4167,-107.9167,81.75,43,85,11.3,overcast clouds
372,Kamaishi,JP,39.2667,141.8833,75.63,97,100,13.71,light rain
373,Hithadhoo,MV,-0.6,73.0833,81.64,75,100,9.57,overcast clouds
374,La Asuncion,VE,11.0333,-63.8628,84.56,70,95,7.72,overcast clouds
375,Coleraine,GB,55.1333,-6.6667,58.91,88,21,7.23,few clouds
376,Mhango,TZ,-3.2833,32.85,73.65,57,79,5.01,broken clouds
377,Tynda,RU,55.1667,124.7167,29.79,60,98,14.25,overcast clouds
378,Genhe,CN,50.7833,121.5167,30.72,81,100,8.46,overcast clouds
379,Rawson,AR,-43.3002,-65.1023,46.78,59,100,18.9,overcast clouds
380,Condega,NI,13.365,-86.3985,80.89,75,57,1.68,broken clouds
381,Gloversville,US,43.0528,-74.3438,77.52,77,100,5.99,overcast clouds
382,Henties Bay,NA,-22.116,14.2845,54.66,89,10,15.86,clear sky
383,Progreso,MX,21.2833,-89.6667,93.11,70,2,15.88,clear sky
384,Eureka,US,40.8021,-124.1637,61.93,90,100,8.01,overcast clouds
385,Shiringushi,RU,53.8485,42.7676,62.87,89,96,10.6,overcast clouds
386,Kangalassy,RU,62.3464,129.9628,28.33,74,100,12.82,overcast clouds
387,Gadarwara,IN,22.9167,78.7833,74.44,89,100,3.89,overcast clouds
388,Vestmannaeyjar,IS,63.4427,-20.2734,48.81,84,100,30.85,overcast clouds
389,Juba,SS,4.8517,31.5825,74.59,74,73,3.74,broken clouds
390,Anadyr,RU,64.75,177.4833,36.1,100,75,8.95,light intensity drizzle rain
391,Warora,IN,20.2333,79.0,77.0,90,100,5.08,overcast clouds
392,Qasigiannguit,GL,68.8193,-51.1922,43.05,98,100,1.52,overcast clouds
393,Sibut,CF,5.718,19.0739,69.82,96,39,0.58,scattered clouds
394,Tanggu,CN,39.0211,117.6469,67.96,46,51,12.73,broken clouds
395,Tonota,BW,-21.4833,27.4833,74.1,21,0,7.47,clear sky
396,Cayenne,GF,4.9333,-52.3333,87.84,62,0,13.8,clear sky
397,Kyabram,AU,-36.3167,145.05,40.87,97,9,7.58,clear sky
398,Mandalgovi,MN,45.7625,106.2708,36.86,53,3,10.22,clear sky
399,Mogok,MM,22.9167,96.5,64.62,99,47,3.22,scattered clouds
400,Shelburne,CA,44.0787,-80.2041,73.24,75,55,16.17,broken clouds
401,Isangel,VU,-19.55,169.2667,75.97,82,47,10.71,scattered clouds
402,Cascais,PT,38.6979,-9.4215,76.35,87,0,7.0,clear sky
403,Vao,NC,-22.6667,167.4833,73.78,68,100,12.8,overcast clouds
404,Belmonte,BR,-15.8631,-38.8828,72.82,72,56,9.95,broken clouds
405,Gao,ML,16.6362,1.637,87.08,41,75,4.09,broken clouds
406,Challans,FR,46.8436,-1.8749,57.4,53,0,9.22,clear sky
407,Odweyne,SO,9.4092,45.064,81.27,40,70,10.56,broken clouds
408,Lagdo,CM,9.05,13.7333,72.3,89,100,1.54,light rain
409,Usinsk,RU,65.9939,57.5281,48.15,95,100,14.65,light rain
410,Kankon,IN,15.0167,74.0167,75.0,87,98,2.68,overcast clouds
411,Pisco,PE,-13.7,-76.2167,64.45,77,20,9.22,few clouds
412,Rio Grande,BR,-32.035,-52.0986,66.31,72,100,15.64,overcast clouds
413,Port Lincoln,AU,-34.7333,135.8667,48.65,78,1,5.06,clear sky
414,Rock Springs,US,41.5875,-109.2029,74.05,31,40,21.85,scattered clouds
415,Prescott,US,34.54,-112.4685,84.67,15,0,14.97,clear sky
416,Egvekinot,RU,66.3167,-179.1667,35.51,82,100,4.83,overcast clouds
417,Nome,US,64.5011,-165.4064,46.47,87,100,25.32,light rain
418,Zheleznodorozhnyy,RU,55.7503,38.0042,55.62,97,100,9.19,overcast clouds
419,Mitsamiouli,KM,-11.3847,43.2844,75.94,80,6,9.64,clear sky
420,Maryville,US,35.7565,-83.9705,86.31,47,20,5.75,few clouds
421,Ajdabiya,LY,30.7554,20.2263,79.65,59,0,8.21,clear sky
422,Manokwari,ID,-0.8667,134.0833,76.95,67,99,3.49,overcast clouds
423,Lardos,GR,36.0942,28.0157,77.95,89,3,8.63,clear sky
424,Orlik,RU,52.5178,99.825,35.02,76,1,2.93,clear sky
425,Manacapuru,BR,-3.2997,-60.6206,87.6,53,66,3.65,heavy intensity rain
426,Abnub,EG,27.2696,31.1511,82.62,23,0,4.99,clear sky
427,Hualmay,PE,-11.0964,-77.6139,65.95,75,16,12.19,few clouds
428,Campo Grande,BR,-20.4428,-54.6464,89.15,33,0,6.91,clear sky
429,Songea,TZ,-10.6833,35.65,64.72,42,53,4.03,broken clouds
430,Bluefields,NI,12.0137,-83.7635,86.07,84,40,4.61,scattered clouds
431,Kaka,TM,37.3482,59.6143,73.63,29,0,1.21,clear sky
432,Kieta,PG,-6.2167,155.6333,78.03,87,100,7.47,moderate rain
433,Parkes,AU,-33.1333,148.1833,44.35,82,73,2.71,broken clouds
434,Vrindavan,IN,27.5833,77.7,81.12,69,0,4.09,clear sky
435,Porto Novo,BJ,6.4965,2.6036,76.82,88,71,8.1,light rain
436,Linhares,BR,-19.3911,-40.0722,70.02,64,87,8.16,overcast clouds
437,Barentu,ER,15.1139,37.5928,74.16,69,97,3.94,overcast clouds
438,Kinarut,MY,5.8231,116.0466,78.82,83,20,3.44,moderate rain
439,Troitskoye,RU,52.9821,84.6757,46.22,61,0,3.96,clear sky
440,Jefferson City,US,38.5767,-92.1735,84.11,65,75,9.22,broken clouds
441,Iqaluit,CA,63.7506,-68.5145,46.13,61,20,19.57,few clouds
442,Nouadhibou,MR,20.931,-17.0347,73.38,78,0,20.71,clear sky
443,Aras,ES,42.5617,-2.356,63.01,77,0,0.0,clear sky
444,Kilifi,KE,-3.6305,39.8499,74.59,88,16,10.58,light rain
445,Balykshi,KZ,47.0667,51.8667,73.4,43,0,17.9,clear sky
446,Hobyo,SO,5.3505,48.5268,76.68,85,90,24.05,overcast clouds
447,Kaeo,NZ,-35.1,173.7833,62.33,89,99,13.47,overcast clouds
448,Kahului,US,20.8947,-156.47,89.62,60,20,23.02,few clouds
449,Matagami,CA,49.7502,-77.6328,60.91,36,0,10.36,clear sky
450,Basco,PH,20.4487,121.9702,83.25,75,93,19.93,overcast clouds
451,Svetlyy,RU,54.675,20.1347,51.85,85,100,5.68,overcast clouds
452,Alta Floresta,BR,-9.8756,-56.0861,84.02,61,40,11.5,thunderstorm
453,Hovin,NO,63.1055,10.225,46.26,94,100,10.83,overcast clouds
454,Ambovombe,MG,-25.1667,46.0833,72.03,63,1,4.83,clear sky
455,Derzhavinsk,KZ,51.1,66.3167,56.77,29,0,8.08,clear sky
456,Harlingen,US,26.1906,-97.6961,91.49,74,20,11.5,few clouds
457,Dingle,PH,10.9995,122.6711,76.05,89,100,5.84,overcast clouds
458,Diamantina,BR,-18.2494,-43.6003,70.66,52,94,5.61,overcast clouds
459,Vigrestad,NO,58.5667,5.7,54.59,79,6,15.61,clear sky
460,Trincomalee,LK,8.5711,81.2335,80.24,76,100,17.11,overcast clouds
461,Northam,GB,51.0333,-4.2167,58.6,72,51,10.29,broken clouds
462,Gamba,GA,-2.65,10.0,75.56,85,99,8.37,light rain
463,Aswan,EG,24.0934,32.907,88.9,40,0,4.61,clear sky
464,Silute,LT,55.3489,21.4831,49.8,89,100,6.35,overcast clouds
465,Xichang,CN,27.8964,102.2634,66.81,91,99,2.06,overcast clouds
466,Koratla,IN,18.8167,78.7167,74.97,92,100,7.09,overcast clouds
467,Damietta,EG,31.4165,31.8133,80.49,69,0,6.87,clear sky
468,Sampit,ID,-2.5333,112.95,74.57,98,43,1.95,light rain
469,Makarov,RU,48.6333,142.8,58.15,96,97,5.39,overcast clouds
470,Teopisca,MX,16.5167,-92.4833,67.37,87,100,0.67,overcast clouds
471,Emerald,AU,-23.5333,148.1667,65.34,56,0,5.44,clear sky
472,Plattling,DE,48.7833,12.8667,49.6,87,100,11.56,moderate rain
473,Weligama,LK,5.9667,80.4167,78.62,85,100,9.98,overcast clouds
474,Mancora,PE,-4.1078,-81.0475,75.02,65,27,15.39,scattered clouds
475,Karpogory,RU,64.0019,44.4451,45.7,98,19,5.75,few clouds
476,Martinsville,US,36.6915,-79.8725,83.48,55,1,4.56,clear sky
477,Laurel,US,39.0993,-76.8483,86.88,55,0,6.91,clear sky
478,Zasheyek,RU,67.4066,32.5499,44.94,94,100,9.35,overcast clouds
479,Capao Da Canoa,BR,-29.7456,-50.0097,63.77,76,7,20.76,clear sky
480,Kharp,RU,66.8014,65.8081,46.89,91,100,5.93,overcast clouds
481,Kuah,MY,6.3265,99.8432,76.98,88,20,3.44,few clouds
482,Yabrud,SY,33.9674,36.6574,69.69,34,0,3.29,clear sky
483,Sarkand,KZ,45.41,79.9186,59.81,32,57,4.83,broken clouds
484,Norden,DE,53.6,7.2,56.97,69,100,1.99,overcast clouds
485,Camargo,MX,27.6667,-105.1667,88.72,32,21,14.36,few clouds
486,Agadez,NE,19.75,10.25,96.01,21,94,8.48,overcast clouds
487,Amposta,ES,40.7131,0.581,72.23,74,100,4.9,overcast clouds
488,Palmares Do Sul,BR,-30.2578,-50.5097,65.25,67,55,21.03,broken clouds
489,Jiuquan,CN,39.7432,98.5174,65.71,38,100,12.71,overcast clouds
490,Dzhebariki-Khaya,RU,62.2167,135.8,32.74,98,100,5.28,light snow
491,Viransehir,TR,37.2353,39.7631,83.89,22,0,6.49,clear sky
492,Acapulco,MX,16.8634,-99.8901,82.22,78,100,12.66,overcast clouds
493,Olonets,RU,60.9847,32.9698,46.42,93,25,4.68,scattered clouds
494,Tchibanga,GA,-2.85,11.0333,73.74,82,100,4.92,overcast clouds
495,Coihaique,CL,-45.5752,-72.0662,45.21,70,100,4.61,overcast clouds
496,Shugurovo,RU,54.5083,52.1326,63.43,81,100,8.12,overcast clouds
497,Mpongwe,ZM,-13.5091,28.155,71.98,29,6,5.95,clear sky
498,Lavrentiya,RU,65.5833,-171.0,37.56,91,100,11.9,overcast clouds
499,Bondo,CD,3.8146,23.6866,68.0,99,96,0.45,overcast clouds
500,Mehamn,NO,71.0357,27.8492,46.35,93,100,13.8,light rain
501,Edwardsville,US,38.8114,-89.9532,89.78,62,0,13.8,clear sky
502,Doka,SD,13.5167,35.7667,74.12,87,99,5.06,overcast clouds
503,Garissa,KE,-0.4536,39.6401,76.57,71,26,19.1,scattered clouds
504,Le Port,RE,-20.9373,55.2919,71.6,76,41,6.44,scattered clouds
505,Yarmouth,US,41.7057,-70.2286,81.07,70,0,18.41,clear sky
506,Sosnovo-Ozerskoye,RU,52.5249,111.5418,28.94,71,1,3.96,clear sky
507,Kovur,IN,14.4833,79.9833,88.54,52,100,2.8,overcast clouds
508,Torit,SS,4.4133,32.5678,73.78,74,51,2.01,broken clouds
509,Lajedo,BR,-8.6636,-36.32,70.21,79,32,11.99,scattered clouds
510,Lahat,ID,-3.8,103.5333,72.82,96,100,2.19,overcast clouds
511,Sabha,LY,27.0377,14.4283,88.68,11,0,7.56,clear sky
512,Novyy Urengoy,RU,66.0833,76.6333,47.53,91,100,11.5,overcast clouds
513,Kadoshkino,RU,54.0257,44.4191,63.91,81,85,17.2,overcast clouds
514,Alice Springs,AU,-23.7,133.8833,57.22,26,6,0.0,clear sky
515,Merritt Island,US,28.5392,-80.672,86.09,72,75,8.05,broken clouds
516,Voh,NC,-20.9667,164.7,72.68,84,26,4.36,scattered clouds
517,Beian,NO,63.6559,9.5683,50.09,81,75,20.71,broken clouds
518,Sangar,RU,63.9242,127.4739,28.81,94,15,8.57,few clouds
519,At-Bashi,KG,41.1702,75.8106,52.72,49,84,2.55,broken clouds
520,Cartagena,CO,10.3997,-75.5144,83.82,79,40,6.91,scattered clouds
521,Bo Phloi,TH,14.3236,99.5161,76.08,85,100,3.09,overcast clouds
522,Havelock,US,34.8791,-76.9013,84.92,71,70,4.0,broken clouds
523,Ginda,IN,30.6945,78.4932,60.39,84,20,5.23,few clouds
524,Metro,ID,-5.1131,105.3067,74.64,92,100,4.52,overcast clouds
525,Tingi,TZ,-11.3,35.0333,65.93,40,6,5.61,clear sky
526,Flin Flon,CA,54.7682,-101.865,66.04,48,75,9.22,broken clouds
527,Jiayuguan,CN,39.8167,98.3,63.86,40,100,13.49,overcast clouds
528,Poco Das Trincheiras,BR,-9.3125,-37.2856,76.62,66,11,11.5,few clouds
529,Havre-Saint-Pierre,CA,50.2334,-63.5986,51.8,56,100,18.03,overcast clouds
530,Coolum Beach,AU,-26.5333,153.1,57.34,93,0,3.51,clear sky
531,Ust-Maya,RU,60.4167,134.5333,31.26,97,100,11.83,snow
532,Ugoofaaru,MV,5.6667,73.0,81.12,75,100,8.86,overcast clouds
533,Nakhon Phanom,TH,17.3333,104.4167,73.29,96,99,2.53,overcast clouds
534,George Town,MY,5.4112,100.3354,80.53,84,20,0.0,few clouds
535,Moron,AR,-34.6534,-58.6198,70.95,73,100,6.04,moderate rain
536,Pangnirtung,CA,66.1451,-65.7125,50.0,57,20,4.61,few clouds
537,Lewistown,US,40.5992,-77.5714,83.34,76,20,8.05,few clouds
538,Orocovis,PR,18.2271,-66.3917,69.71,96,100,28.68,heavy intensity rain
539,Meulaboh,ID,4.1363,96.1285,75.45,84,98,2.93,overcast clouds
540,Aracati,BR,-4.5617,-37.7697,80.69,72,16,14.36,few clouds
541,Launceston,AU,-41.45,147.1667,44.15,97,40,4.61,fog
542,Korla,CN,41.7597,86.1469,69.8,22,40,7.2,scattered clouds
543,Bowen,AU,-20.0167,148.2333,72.97,92,3,4.52,clear sky
544,Kattivakkam,IN,13.2167,80.3167,84.29,74,100,11.21,overcast clouds
545,Nyrob,RU,60.733,56.7202,45.97,88,100,4.23,overcast clouds
546,Teguise,ES,29.0605,-13.564,73.62,69,40,5.75,scattered clouds
547,Kallifitos,GR,41.1667,24.2167,68.92,49,0,6.24,clear sky
548,Marienburg,PL,54.0359,19.0266,51.87,88,100,10.63,light rain
549,Mana,GF,5.6592,-53.7767,84.45,67,89,12.12,overcast clouds
550,Cabedelo,BR,-6.9811,-34.8339,77.67,77,71,14.45,broken clouds
551,Byron Bay,AU,-28.65,153.6167,56.95,58,0,4.41,clear sky
552,Watertown,US,42.3709,-71.1828,84.97,55,40,11.5,scattered clouds
553,Pregassona,CH,46.0202,8.9743,61.38,60,1,5.75,clear sky
554,Kpandae,GH,8.4689,-0.0113,72.95,95,100,5.19,moderate rain
555,Saint-Joseph,RE,-21.3667,55.6167,70.18,80,28,11.7,light rain
556,Papetoai,PF,-17.4961,-149.8729,80.19,71,7,19.55,light rain
557,Surt,LY,31.2089,16.5887,80.17,71,0,12.1,clear sky
558,Ambilobe,MG,-13.2,49.05,69.67,67,0,6.91,clear sky
559,Sohbatpur,PK,28.5202,68.5434,84.09,43,0,5.88,clear sky
560,Leh,IN,34.1667,77.5833,55.09,30,0,3.29,clear sky
561,Half Moon Bay,US,37.4636,-122.4286,68.29,90,100,23.02,mist
562,Janakkala,FI,60.9,24.6,50.81,92,97,3.02,overcast clouds
563,Belyy Yar,RU,53.6039,91.3903,37.29,93,0,0.0,clear sky
564,San Clemente,US,33.427,-117.612,83.55,69,41,4.0,scattered clouds
565,Payakumbuh,ID,-0.2202,100.6308,68.86,90,100,3.13,overcast clouds
566,Oum Hadjer,TD,13.2954,19.6966,80.2,70,64,5.48,broken clouds
567,Banda Aceh,ID,5.5577,95.3222,78.73,75,100,10.13,overcast clouds
568,Beloha,MG,-25.1667,45.05,73.56,62,0,5.7,clear sky
569,San Jose,US,37.3394,-121.895,70.9,77,75,14.0,light rain
570,Olafsvik,IS,64.8945,-23.7142,48.97,90,100,15.73,light rain
571,Kokopo,PG,-4.352,152.2633,76.84,83,100,6.8,light rain
572,Dongsheng,CN,39.8161,109.9776,58.69,39,100,12.08,overcast clouds
573,Arman,RU,59.7,150.1667,42.67,82,100,5.26,overcast clouds
574,Khammam,IN,17.25,80.15,77.52,87,100,4.74,overcast clouds
575,Omsukchan,RU,62.5333,155.8,32.63,64,76,4.12,broken clouds
576,Dongzhen,CN,22.3797,110.9389,76.8,91,95,1.95,overcast clouds
577,Hirara,JP,24.8,125.2833,80.62,77,100,21.14,overcast clouds
578,Jalaun,IN,26.1451,79.3366,81.03,75,100,3.94,overcast clouds
579,Monte Alegre,BR,-2.0078,-54.0692,96.6,32,75,7.96,broken clouds
580,Rustenburg,ZA,-25.6676,27.2421,71.4,18,78,3.06,broken clouds
581,Peniche,PT,39.3558,-9.3811,74.28,76,8,9.62,clear sky
582,Kabalo,CD,-6.05,26.9167,70.7,86,100,8.7,overcast clouds
583,Bansang,GM,13.4333,-14.65,74.64,96,100,4.07,overcast clouds
584,Dudinka,RU,69.4058,86.1778,39.87,96,100,4.5,overcast clouds
585,Zhangjiakou,CN,40.81,114.8794,55.49,38,90,6.35,overcast clouds
586,Masuda,JP,34.6667,131.85,79.63,90,100,26.33,very heavy rain
587,Ojinaga,MX,29.5667,-104.4167,94.57,43,0,5.75,clear sky
588,Viseu,PT,40.661,-7.9097,73.72,53,53,4.16,broken clouds
589,Charters Towers,AU,-20.1,146.2667,68.11,96,35,6.17,scattered clouds
590,Lufilufi,WS,-13.8745,-171.5986,83.98,72,59,15.9,broken clouds
591,Hofn,IS,64.2539,-15.2082,45.93,73,8,2.44,clear sky
592,Eyrarbakki,IS,63.863,-21.1481,48.25,87,100,15.46,overcast clouds
593,Pitanga,BR,-24.7572,-51.7614,67.62,56,0,4.25,clear sky
594,Labytnangi,RU,66.6572,66.4183,47.03,87,100,8.32,overcast clouds
595,Vanimo,PG,-2.6741,141.3028,76.08,90,62,4.09,broken clouds
596,Boca Do Acre,BR,-8.7522,-67.3978,93.78,37,95,1.57,overcast clouds
597,Paita,PE,-5.0892,-81.1144,70.14,73,12,14.65,few clouds
598,Churapcha,RU,62.0025,132.4325,28.63,91,100,9.86,overcast clouds
599,Dobsice,CZ,48.8483,16.0822,53.74,78,100,18.52,overcast clouds
600,Kargasok,RU,59.0556,80.8572,49.78,86,100,13.58,moderate rain
601,Broken Hill,AU,-31.95,141.4333,48.06,88,79,6.46,broken clouds
602,Delta Del Tigre,UY,-34.7633,-56.3853,69.91,64,0,12.66,clear sky
603,Seoul,KR,37.5683,126.9778,78.19,78,0,11.5,clear sky
604,Mumford,GH,5.2618,-0.759,75.83,87,91,14.5,overcast clouds
605,Okhotsk,RU,59.3833,143.3,45.84,77,100,25.19,light rain
606,Tombouctou,ML,20.0,-3.0,99.59,14,100,4.21,overcast clouds
607,Lima,PE,-12.0432,-77.0282,59.25,82,100,11.5,overcast clouds
608,Terre-De-Bas,GP,15.8501,-61.6442,83.98,78,97,16.96,overcast clouds
609,Adelaide,AU,-34.9333,138.6,53.08,74,100,3.0,overcast clouds
610,Liku,ID,-0.7275,119.8922,74.46,92,100,3.76,overcast clouds
611,Deer Lake,CA,49.1667,-57.4316,53.46,62,75,11.5,broken clouds
612,Madimba,TZ,-10.4,40.3333,74.08,84,10,10.16,clear sky
613,Pitimbu,BR,-7.4706,-34.8086,77.59,75,18,12.88,few clouds
614,Coffs Harbour,AU,-30.3,153.1333,51.13,93,67,4.61,broken clouds
615,Yola,NG,9.2,12.4833,75.34,90,100,2.93,light rain
616,Hered,HU,47.7064,19.6331,54.19,78,82,14.7,broken clouds
617,Pucallpa,PE,-8.3791,-74.5539,93.24,43,40,9.22,scattered clouds
618,Berea,US,41.3662,-81.8543,84.18,55,75,13.8,broken clouds
619,Puerto Maldonado,PE,-12.6,-69.1833,93.6,43,20,8.05,few clouds
620,Manadhoo,MV,5.7667,73.3833,81.05,76,100,9.06,overcast clouds
621,Keuruu,FI,62.2667,24.7,48.38,96,9,4.0,clear sky
622,Varhaug,NO,58.6147,5.6457,54.48,79,6,16.02,clear sky
623,Kalmunai,LK,7.4167,81.8167,80.15,76,100,3.24,overcast clouds
624,Fereydunshahr,IR,32.941,50.121,58.57,34,73,4.45,broken clouds
625,La Rioja,ES,42.25,-2.5,58.78,51,30,4.68,scattered clouds
626,Marabba,SD,12.35,32.1833,79.9,64,57,11.36,broken clouds
627,Loandjili,CG,-4.7561,11.8578,74.97,86,39,8.21,scattered clouds
628,Talaya,RU,61.3833,152.75,37.31,56,100,4.32,overcast clouds
629,Saint-Pierre,RE,-21.3393,55.4781,71.28,64,100,11.5,overcast clouds
630,Lesosibirsk,RU,58.2358,92.4828,49.01,71,100,2.42,overcast clouds
631,Oktyabrskiy,RU,54.4815,53.471,64.2,80,100,7.56,overcast clouds
632,Grayvoron,RU,50.4767,35.6773,53.71,77,28,22.55,scattered clouds
633,Cockburn Town,TC,21.4612,-71.1419,87.76,62,40,13.8,scattered clouds
634,Shahr-E Kord,IR,32.3256,50.8644,67.06,25,38,2.33,scattered clouds
635,Batemans Bay,AU,-35.7167,150.1833,54.1,49,45,10.96,scattered clouds
636,Ndjole,GA,-0.1783,10.7649,74.37,94,91,2.8,moderate rain
637,Tamandare,BR,-8.7597,-35.1047,76.77,75,13,9.84,few clouds
638,Smidovich,RU,48.6,133.8167,50.47,81,73,16.08,broken clouds
639,Gornoye Loo,RU,43.7129,39.6049,74.79,55,61,5.61,broken clouds
640,Charlottesville,US,38.0293,-78.4767,87.13,54,0,5.75,clear sky
641,Saint-Augustin,CA,51.226,-58.6502,47.35,63,100,19.73,overcast clouds
642,Loukisia,GR,38.4833,23.45,73.98,53,20,4.61,few clouds
643,Santa Vitoria Do Palmar,BR,-33.5189,-53.3681,61.52,74,100,11.12,overcast clouds
644,Tumbagaan,PH,5.3656,120.3139,81.72,76,95,5.35,overcast clouds
645,Andros,GR,37.8333,24.9333,75.76,70,0,4.0,clear sky
646,Mattru,SL,7.6244,-11.8332,72.03,97,100,1.92,light rain
647,Santa Isabel Do Rio Negro,BR,-0.4139,-65.0192,84.43,67,100,5.53,overcast clouds
648,Lodwar,KE,3.1191,35.5973,86.47,34,51,11.52,broken clouds
649,Dalkola,IN,25.85,87.85,82.17,79,80,3.11,broken clouds
650,Minudasht,IR,37.2289,55.3747,66.52,37,0,3.24,clear sky
651,Manta,EC,-0.95,-80.7333,76.78,73,100,8.05,overcast clouds
652,Cecina,IT,43.3128,10.524,70.34,58,0,8.7,clear sky
653,Kupang,ID,-10.1667,123.5833,75.56,80,100,5.06,overcast clouds
654,Sokoni,TZ,-6.4333,39.55,76.05,82,14,16.22,few clouds
655,Ferrol,ES,43.4832,-8.2369,67.23,72,100,12.5,overcast clouds
656,Thakurgaon,BD,26.0333,88.4667,81.82,80,100,0.96,overcast clouds
657,Waipawa,NZ,-41.4122,175.5153,48.76,73,100,7.34,overcast clouds
658,Micheweni,TZ,-4.9667,39.8333,75.51,84,28,10.89,scattered clouds
659,Lasa,IT,46.6166,10.7002,56.28,73,59,6.2,broken clouds
660,Pemangkat,ID,1.1667,108.9667,77.29,88,100,1.05,overcast clouds
661,Fairbanks,US,64.8378,-147.7164,53.6,59,40,12.66,scattered clouds
662,Esik,KZ,43.3552,77.4525,51.22,39,51,4.81,broken clouds
663,Kandava,LV,57.0409,22.7747,46.4,95,62,4.61,broken clouds
664,Vung Tau,VN,10.346,107.0843,79.68,83,100,13.13,overcast clouds
665,Swan River,CA,52.1058,-101.2676,71.49,43,96,8.05,overcast clouds
666,Huarmey,PE,-10.0681,-78.1522,67.77,74,8,11.18,clear sky
667,Saint-Leu,RE,-21.15,55.2833,70.66,74,11,3.18,few clouds
668,Camopi,GF,3.1655,-52.3158,91.53,43,93,5.1,overcast clouds
669,Bentiu,SS,9.2333,29.8333,76.89,77,60,3.11,light rain
670,Irtyshskiy,RU,58.3333,68.1333,51.93,93,81,5.53,broken clouds
671,Paamiut,GL,61.994,-49.6678,43.21,94,100,6.11,overcast clouds
672,Gaoua,BF,10.2992,-3.2508,73.42,93,100,4.41,overcast clouds
673,Bereda,ES,43.2686,-7.5406,62.42,93,100,4.43,overcast clouds
674,Rio Pomba,BR,-21.2747,-43.1792,75.74,35,0,8.08,clear sky
